feature,shap_importance
total_pages_visited,0.05676758961551768
new_user,0.006338536688943385
country,0.002003968851173235
age,0.0
source,0.0
