feature,mean_importance
age,0.0
source,0.0
new_user,0.005452289651094937
country,0.005681006868004166
total_pages_visited,0.17632861511294837
