feature,shap_importance
total_pages_visited,0.04385798190080323
new_user,0.01076374322270055
country,0.005335088657745306
age,0.0008032563508029751
source,2.1613997864410175e-07
