feature,mean_importance
source,4.517720275654114e-09
age,0.0004231830898924552
country,0.007228714161096481
new_user,0.007913133297664066
total_pages_visited,0.16222377718929554
