{
    "uid": "e3fc80a4-a08f-4137-b40f-0dd71880abbd",
    "name": "4_Default_NeuralNetwork",
    "preprocessing": [
        {
            "categorical": [
                {
                    "convert_method": "categorical_to_int",
                    "convert_params": {
                        "country": {
                            "China": 0,
                            "Germany": 1,
                            "UK": 2,
                            "US": 3
                        },
                        "source": {
                            "Ads": 0,
                            "Direct": 1,
                            "Seo": 2
                        }
                    },
                    "columns": [
                        "country",
                        "source"
                    ]
                }
            ],
            "scale": [
                {
                    "scale": [
                        1.2532782512235923,
                        8.273344490437044,
                        0.4642526517202252,
                        0.8527575456702241,
                        3.3404694138070474
                    ],
                    "mean": [
                        2.0396197905685574,
                        30.578372806709304,
                        0.6856595684868929,
                        1.2109717244125846,
                        4.870915032679738
                    ],
                    "var": [
                        1.5707063749900654,
                        68.44822905744499,
                        0.2155305246292607,
                        0.7271954316975043,
                        11.158735904580398
                    ],
                    "n_samples_seen": 170748,
                    "n_features_in": 5,
                    "columns": [
                        "country",
                        "age",
                        "new_user",
                        "source",
                        "total_pages_visited"
                    ],
                    "scale_method": "scale_normal"
                }
            ],
            "ml_task": "binary_classification",
            "params": {
                "columns_preprocessing": {
                    "country": [
                        "categorical_to_int",
                        "scale_normal"
                    ],
                    "age": [
                        "scale_normal"
                    ],
                    "new_user": [
                        "scale_normal"
                    ],
                    "source": [
                        "categorical_to_int",
                        "scale_normal"
                    ],
                    "total_pages_visited": [
                        "scale_normal"
                    ]
                },
                "target_preprocessing": [
                    "na_exclude"
                ],
                "ml_task": "binary_classification"
            }
        }
    ],
    "learners": [
        {
            "library_version": "1.1.3",
            "algorithm_name": "Neural Network",
            "algorithm_short_name": "Neural Network",
            "uid": "1a805d1f-b71e-45ee-9816-96a610ba9c65",
            "params": {
                "model_type": "Neural Network",
                "ml_task": "binary_classification",
                "n_jobs": -1,
                "dense_1_size": 32,
                "dense_2_size": 16,
                "learning_rate": 0.05,
                "seed": 4,
                "explain_level": 2
            },
            "name": "learner_fold_0"
        }
    ],
    "params": {
        "additional": {
            "max_rows_limit": null,
            "max_cols_limit": null
        },
        "preprocessing": {
            "columns_preprocessing": {
                "country": [
                    "categorical_to_int",
                    "scale_normal"
                ],
                "age": [
                    "scale_normal"
                ],
                "new_user": [
                    "scale_normal"
                ],
                "source": [
                    "categorical_to_int",
                    "scale_normal"
                ],
                "total_pages_visited": [
                    "scale_normal"
                ]
            },
            "target_preprocessing": [
                "na_exclude"
            ],
            "ml_task": "binary_classification"
        },
        "validation_strategy": {
            "validation_type": "split",
            "train_ratio": 0.75,
            "shuffle": true,
            "stratify": true,
            "X_path": "AutoML_1\\X.data",
            "y_path": "AutoML_1\\y.data",
            "results_path": "AutoML_1"
        },
        "learner": {
            "model_type": "Neural Network",
            "ml_task": "binary_classification",
            "n_jobs": -1,
            "dense_1_size": 32,
            "dense_2_size": 16,
            "learning_rate": 0.05,
            "seed": 4,
            "explain_level": 2
        },
        "automl_random_state": 1234,
        "ml_task": "binary_classification",
        "explain_level": 2,
        "name": "4_Default_NeuralNetwork",
        "status": "initialized",
        "final_loss": null,
        "train_time": null,
        "data_type": "original",
        "max_time_for_learner": 360.0
    },
    "saved": [
        "4_Default_NeuralNetwork\\learner_fold_0.neural_network"
    ],
    "predictions_fname": "4_Default_NeuralNetwork\\predictions_validation.csv",
    "metric_name": "logloss",
    "final_loss": 0.042062999358430914,
    "train_time": 36.49165201187134,
    "is_stacked": false,
    "threshold": 0.37732458228279775
}