feature,mean_importance
source,2.9217868205373698e-05
age,0.003205317342263249
new_user,0.007693981108716688
country,0.021177298918647218
total_pages_visited,0.21729190289446104
