feature,mean_importance
source,5.112131336767606e-05
age,0.004278109906066742
new_user,0.008587958541298813
country,0.014143685509626058
total_pages_visited,0.21017316203358072
